{
  "constants":{
    "c": 299792458,
    "Gf": 1.166364e-11
  },
  "pdg": {
    "nu_e": 12,
    "nu_mu": 14,
    "nu_tau": 16,
    "e": 11,
    "mu": 13,
    "tau": 15,
    "pi0": 111,
    "pi+": 211,
    "k0": 311,
    "k+": 321
  },
  "mass": {
    "nu_e": 0,
    "nu_mu": 0,
    "nu_tau": 0,
    "e": 0.511,
    "mu": 105.758,
    "tau": 1776.82,
    "pi0": 134.977,
    "pi+": 139.570,
    "k0": 497.648,
    "k+": 493.667
  },
  "mean_life": {
    "pi+": 2.6033e-8,
    "k+": 1.238e-8
  },
  "ckm": {
    "ud": 0.97427,
    "us": 0.2248
  },
  "decay_const": {
    "pi+": 130.7,
    "k+": 159.8
  }
}
